{"avg_rewards": [-29.28, -20.9, -14.71, 3.81, 1.49, 11.71, 22.96, 22.55, 24.61, 27.22, 25.87, 27.69, 26.85, 27.75, 27.22, 26.61, 23.7, 26.99, 26.06, 27.65, 26.59, 28.47, 27.85, 29.02, 27.82, 26.32, 26.65, 28.65, 26.97, 28.19, 26.54, 25.8, 26.91, 26.97, 26.28, 26.54, 26.67, 27.99, 27.71, 23.375, 28.81, 26.91, 27.39, 27.21, 24.11111111111111, 26.57, 28.59, 28.26, 28.48, 27.236842105263158, 26.98, 27.74, 27.69, 28.37, 29.95, 27.55, 29.45, 27.24, 28.05, 29.217391304347824, 27.67, 28.19, 26.9, 27.12, 27.3953488372093, 28.11, 28.06, 25.02, 26.49, 27.428571428571427, 28.42, 27.52, 27.4, 28.86, 29.73076923076923, 26.76, 28.18, 26.8, 29.72, 28.15625, 29.39, 27.96, 26.78, 26.77, 28.705882352941178, 27.7, 27.62, 26.51, 28.65, 26.363636363636363, 27.26, 28.98, 28.19, 28.88, 28.34328358208955, 28.07, 27.7, 29.32, 27.19, 26.081967213114755, 28.85, 27.32, 27.21, 27.56, 28.25423728813559, 28.98, 27.25, 27.7, 28.0, 28.25, 27.07, 27.74, 28.65, 28.04, 27.846153846153847, 27.86, 25.85, 28.86, 27.76, 27.821428571428573, 28.35, 29.26, 28.67, 28.54, 28.5375, 27.91, 27.57, 27.25, 28.39, 27.14, 29.3, 27.82, 27.08, 29.36, 26.862068965517242, 28.1, 27.97, 29.76, 27.91, 29.4, 28.77, 28.45, 29.84, 26.58, 27.74137931034483, 29.27, 27.08, 27.43, 25.02, 29.613636363636363], "avg_successes": [0.0, 0.05, 0.13, 0.52, 0.43, 0.64, 0.87, 0.86, 0.9, 0.96, 0.93, 0.97, 0.95, 0.97, 0.95, 0.93, 0.89, 0.94, 0.93, 0.95, 0.94, 0.98, 0.97, 0.99, 0.97, 0.93, 0.94, 0.99, 0.95, 0.97, 0.95, 0.93, 0.94, 0.95, 0.94, 0.94, 0.95, 0.98, 0.96, 0.875, 0.98, 0.95, 0.95, 0.95, 0.8888888888888888, 0.94, 0.98, 0.97, 0.99, 0.9473684210526315, 0.95, 0.97, 0.96, 0.98, 1.0, 0.96, 0.99, 0.96, 0.97, 1.0, 0.96, 0.97, 0.95, 0.95, 0.9534883720930233, 0.97, 0.97, 0.91, 0.94, 0.9642857142857143, 0.97, 0.96, 0.96, 0.98, 1.0, 0.93, 0.97, 0.94, 0.99, 0.96875, 0.99, 0.97, 0.94, 0.96, 0.9705882352941176, 0.96, 0.96, 0.94, 0.98, 0.9318181818181818, 0.95, 0.98, 0.97, 0.98, 0.9552238805970149, 0.97, 0.96, 0.99, 0.95, 0.9180327868852459, 0.98, 0.95, 0.94, 0.96, 0.9661016949152542, 0.98, 0.95, 0.96, 0.97, 0.9642857142857143, 0.95, 0.96, 0.98, 0.96, 0.9615384615384616, 0.96, 0.91, 0.98, 0.96, 0.9642857142857143, 0.97, 0.98, 0.97, 0.97, 0.975, 0.96, 0.96, 0.95, 0.97, 0.96, 0.99, 0.96, 0.95, 0.99, 0.9482758620689655, 0.96, 0.96, 1.0, 0.95, 0.9857142857142858, 0.97, 0.97, 1.0, 0.94, 0.9655172413793104, 0.98, 0.94, 0.96, 0.91, 1.0]}