{"avg_success": 0.9465346534653465, "avg_reward": 26.237623762376238}